610,1679.09,1678.57,13.4473,3,1.87646,6.04068541e+03,4.88630527e-10,1.86515318e-10,8.25601428e+00,2.22535437e+01,1.60986572e-09,7.69709404e+00,-3.38098890e+01,-2.99946893e+01,-2.66939777e+00,-5.29644418e+00,-3.33974638e+01,-6.21729719e+00,-1.83076141e+00,2.67047336e+02
746,1851.29,2079.9,13.8404,3,1.87251,4.14965839e+03,5.60964866e-10,-2.81013378e-09,-2.41914058e+00,-6.65212063e+01,6.50634503e-08,-4.03436262e+01,-2.56119728e+01,-3.27946779e+01,2.33559862e+01,-2.15608177e+00,-3.77193574e+01,1.07013495e+01,-5.40398708e+01,2.51087496e+02
622,1037.4,1712.07,13.2021,3,1.88064,7.41064858e+03,-1.11759073e-11,3.69644046e-11,-4.21663049e+01,5.14080098e+01,8.14074965e-10,8.41663354e+00,-1.27544759e+01,-1.44956288e+01,-4.98241536e+01,-2.71147489e+01,2.00749179e+01,-8.87944558e-02,-5.36031323e+01,4.19237602e+02
481,644.036,1277.48,13.6397,3,1.87525,4.96520290e+03,1.91780513e-09,-4.59815285e-09,2.79394821e+01,1.90104739e+00,1.54491438e-08,-2.01154652e+01,9.05702686e+00,6.10283810e+00,8.90049627e+00,2.04775946e+01,3.79789621e+00,2.75269273e+01,-2.36131348e+01,2.72246081e+02
1217,1866.82,3572.3,13.6666,3,1.88495,4.76760611e+03,5.42855394e-10,-8.38372106e-09,3.25327655e+01,-2.27286462e+01,6.13060403e-08,2.44081577e+01,-1.58822165e+01,-1.10916200e+01,1.71115598e+01,1.30254126e+01,8.53659926e+00,1.40182950e+00,-6.85031256e+00,3.40047364e+02
1050,1772.7,2981.45,13.6795,3,1.88239,4.78593752e+03,1.08530735e-09,-8.25664175e-10,1.14130811e+00,2.18784954e+01,1.48120472e-08,-3.66236702e+01,1.88379813e+01,2.06125774e+01,-1.47634135e+01,1.83199801e+01,-1.02993535e+01,6.07910748e+01,4.52465159e+00,2.72309553e+02
724,1551.19,2047.71,13.7155,3,1.87799,4.64785725e+03,3.24732598e-09,-3.27576722e-09,-1.35412838e+01,-4.93657400e+01,9.54187237e-09,-5.99195114e+01,-5.05375761e+01,3.57938663e+01,-3.77234740e+00,-5.55085259e-01,-3.15785910e+01,3.26768523e+01,4.07140813e+01,2.66626870e+02
1103,1533.83,3087.5,13.7266,3,1.87986,4.58584581e+03,1.49134967e-08,-4.99673928e-09,7.28902498e+00,-3.57594731e+01,3.92330206e-08,7.86091400e+00,-1.51159257e+01,-2.37414674e+01,-1.74631436e+01,1.02362416e+01,8.19797184e-01,4.84542739e+01,-4.95899285e+01,2.38734006e+02
1014,402.915,2865.23,13.7471,3,1.88049,4.56910996e+03,1.43834390e-10,-1.72858188e-10,-1.12345929e+01,2.75145915e+01,2.01891247e-09,2.67596388e+01,-2.43415026e+01,-5.93746506e+01,-1.63584532e+01,-1.73750957e+00,4.22612642e+01,2.71299338e+00,1.80268969e+01,2.14445628e+02
565,1717,1551.84,13.8988,3,1.87971,3.94700273e+03,2.00264593e-10,1.94958988e-10,4.20050389e+01,5.22676265e+00,3.79426715e-09,-1.21578781e+01,-1.09479196e+01,-6.12334421e-01,5.89336332e+01,-1.51800383e+01,7.44476293e+00,-1.67225027e+01,2.80162149e+00,1.52472755e+02
2,950.104,38.3815,10.2454,3,1.89529,1.11476176e+05,2.93450772e-08,-3.10095874e-08,8.65669451e+01,-6.55386716e+01,1.48719467e-07,-9.45201962e+01,-3.73350792e+01,-9.87780795e+01,2.05086377e+02,2.78779131e+01,1.37538497e+01,2.82427740e+01,7.39914008e+00,5.67998566e+03
1349,1962.36,4042.04,10.2679,3,1.89749,1.09001862e+05,2.89157253e-08,-2.70595744e-08,-1.16026206e+02,-8.98785753e+01,1.33682310e-07,-1.41401876e+02,-1.02779559e+02,-3.41466662e+01,1.05925073e+02,-3.89228139e+01,-4.54266822e+01,-1.59184194e+01,-2.27136104e+01,5.69382072e+03
621,1637.38,1727.27,10.3917,3,1.89654,9.75012139e+04,2.90731705e-08,-2.62217366e-08,-1.26754091e+02,-2.45094060e+02,1.60224134e-07,-5.56803059e+01,-1.47002065e+02,-9.49068521e+01,9.22488195e+01,-7.61923781e+01,1.63797686e+01,5.04713506e+01,3.22638070e+00,4.86117949e+03
813,632.269,2301.94,10.9075,3,1.89394,6.06470120e+04,2.21361947e-08,-1.74003046e-08,-4.05983264e+01,-1.07360575e+02,1.00508339e-07,-1.45097469e+01,-2.40651898e+01,-1.85118365e+02,2.10493357e+01,1.66516660e+01,-6.06955247e+01,5.92643875e-01,2.92824884e+01,3.14928779e+03
988,564.349,2830.23,11.0932,3,1.89102,5.12637480e+04,1.16974249e-08,-1.52382398e-08,-7.91284356e+00,-4.98253130e+01,7.39722291e-08,-8.36561978e+01,4.44149847e+01,2.76840231e+01,1.30249120e+02,-1.27119852e+02,1.89568090e+01,-3.30247039e+01,5.15354399e+01,2.65964877e+03
241,1927.96,676.077,11.1323,3,1.89805,4.92585829e+04,1.54348654e-08,-1.72185367e-08,-8.40205972e-02,-5.25406188e+00,7.79527132e-08,-3.69534213e+01,4.63257048e+01,2.89271600e+01,1.23111920e+02,-2.00841903e+01,2.75869332e+01,5.11971076e+01,2.32466558e+01,2.60647102e+03
1420,1892.15,3917.98,11.1547,3,1.89776,4.83509458e+04,1.18783858e-08,-1.23675508e-08,-6.86860018e+01,-1.04726731e+02,6.27436543e-08,-3.33950034e+01,6.15151510e+00,1.75933465e+01,1.08115475e+02,-1.05529965e+01,-2.30809458e+01,1.14686947e+01,4.41358056e+01,2.48266918e+03
24,500.433,98.3347,11.1698,3,1.88594,4.78394126e+04,1.45655501e-08,-1.28539919e-08,-1.04578142e+02,-1.06167459e+01,6.44784395e-08,3.56917794e+00,-1.88618807e+01,-1.07406498e+02,-3.68189174e+01,-5.94619618e+01,-5.94874339e+01,3.90359944e+01,-2.17384392e+01,2.52405900e+03
994,847.368,2839.42,11.2321,3,1.88928,4.51121887e+04,1.01111362e-08,-8.72953479e-09,7.58912566e+01,-7.64475902e+01,5.15929784e-08,-2.39875496e+01,-7.96724913e+00,-4.46968791e+01,1.17209326e+02,-1.37410361e+01,-6.01890822e+01,3.54029469e+01,5.91577092e+01,2.34375880e+03
95,1533.36,278.039,11.4057,3,1.89017,3.84799650e+04,1.41193342e-08,-1.38439906e-08,-4.17298663e+01,-9.92691545e+01,6.33794273e-08,-3.14773273e+01,8.11905239e+00,-1.95543127e+01,6.01862022e+01,9.04465404e+00,6.07703479e+01,3.99968522e+01,-3.59604696e+00,2.01145980e+03
1028,728.273,2916.29,11.5944,3,1.89106,3.22953469e+04,1.67029879e-08,-1.55944784e-08,5.23519733e+01,1.66776506e+01,7.46749017e-08,-3.07994102e+01,-4.62165946e+01,-5.92203343e+01,1.18852412e+02,-3.84064691e+01,-1.58049146e+01,1.44594573e+01,-2.87174102e+01,1.62158658e+03
879,1249.78,2508.18,11.6865,3,1.89568,2.96726522e+04,3.67649044e-09,-4.40489435e-09,-3.43759209e+00,-1.33272061e+01,2.34259412e-08,1.15496664e+01,-3.67462448e+01,-4.04866677e+01,4.03241696e+01,-1.44462198e+01,-1.74515104e+01,5.73495356e+01,3.36403203e+01,1.49221764e+03
1100,309.421,3092.35,11.7782,3,1.89242,2.74166067e+04,1.06696478e-08,-1.58390730e-08,1.41026573e+01,-3.53517854e+01,7.32055389e-08,-5.82956320e+01,3.70704462e+01,-5.76003735e+00,-8.36837993e+00,-3.50037450e+01,-2.91626477e+00,-5.81892177e+01,-1.07535393e+01,1.34404716e+03
702,1976.05,1966.41,11.9793,3,1.89585,2.26999474e+04,6.20257299e-10,-9.45446597e-10,2.50463753e+01,-3.02219083e+01,3.52044609e-09,1.73520300e+01,-7.01870514e+01,-6.69893082e+01,2.65869678e+01,-7.45916022e+01,1.85190490e+01,-2.69812127e+01,1.46990774e+01,1.15066142e+03
375,2011.84,993.282,12.1054,3,1.89969,2.00981926e+04,3.55941303e-10,-1.35290965e-09,1.43485573e+01,-3.21908363e+01,4.12023004e-09,-1.76895424e+01,1.15141427e+01,-6.02476626e+01,1.91790385e+00,-4.12547512e+00,-3.42264682e+01,6.67632848e+01,-3.91220963e+01,1.07274893e+03
72,1343.09,198.78,12.1534,3,1.89729,1.92289607e+04,2.45645784e-09,-3.62421479e-09,-4.78397572e+01,2.31951661e+01,1.55833891e-08,9.28896785e+00,2.06483078e+01,-1.84866430e+01,3.63819864e+01,-1.15496196e+01,-5.90483993e+01,1.41891580e+01,2.92849515e+00,1.01820780e+03
70,1637.37,191.291,12.159,3,1.8893,1.92044740e+04,6.26755222e-09,-6.19021121e-09,7.33248061e+01,-6.22793266e+01,2.98939711e-08,4.25358810e+00,-2.29332240e+01,-7.13831496e+01,2.01763732e+01,-4.07910618e+01,2.76855007e+01,1.54894336e+01,1.21580558e+00,1.02672758e+03
629,246.975,1733.39,12.165,3,1.8932,1.90892158e+04,2.37833189e-09,-1.02867449e-09,1.02440165e+01,5.49010097e+01,8.01599647e-09,1.37113811e+01,2.40867832e+01,-1.71738163e+01,6.82160286e+01,5.20478647e+00,-3.36549012e+01,4.04444776e+01,-2.18984126e+01,1.00785193e+03
573,1685.14,1590.32,12.1661,3,1.89114,1.91197369e+04,6.13404739e-09,-4.79331050e-10,-1.22186441e+01,-2.15433850e+01,2.18962243e-08,-4.30026217e+01,-4.01850284e+01,-9.35192792e+00,-6.03874760e+01,-4.34002302e+01,1.64026582e+01,4.83239935e+01,1.82405606e+01,9.35599483e+02
943,1852.44,2679.29,12.2102,3,1.89143,1.82905946e+04,1.69426771e-08,-5.49810881e-09,8.99984549e+00,-5.29796648e+00,9.72935402e-08,-3.16482324e+01,-2.10342472e+01,-1.86064748e+01,-4.73705110e+01,1.08536111e+01,2.56874041e+01,7.49137995e+00,4.43461485e+01,9.19595042e+02
221,1613.11,612.974,12.2419,3,1.89679,1.78177849e+04,9.12312662e-09,-9.81503311e-09,-3.92847438e+01,1.08447434e+01,4.19826137e-08,1.14193643e+01,-8.10261334e+00,-4.03422249e+01,3.40736181e+01,4.84371226e+00,-1.89265721e+01,1.63725033e+01,6.27436729e+00,8.78908909e+02
494,1931.3,1336.41,12.2561,3,1.89264,1.76947540e+04,7.72232318e-09,-6.75636498e-09,-1.71633387e+01,-4.23657882e+01,3.10284994e-08,-2.10404861e+01,-1.63490919e+01,-1.31313240e+02,6.90499884e+01,-3.48459820e+01,2.26604177e+01,1.25513235e+01,2.67699359e+01,9.00743621e+02
451,362.204,1191.45,12.3125,3,1.88815,1.65935686e+04,1.93279495e-08,-3.07561165e-08,4.29625238e+01,-6.52451934e+01,1.50603688e-07,-1.89550511e+00,-1.10539059e+01,-4.43646572e+01,1.72312061e+01,-4.50969216e+01,-1.73594467e+01,-2.75021681e+01,2.63277163e+00,8.93545664e+02
377,1278.03,992.558,12.431,3,1.8951,1.50404626e+04,5.93764311e-09,-3.44692104e-09,-5.02382172e+01,-5.13767470e+01,2.62523564e-08,-2.59805578e+01,3.00909781e+01,6.23692559e+01,6.46693247e+01,1.51900475e+00,1.38794563e+01,3.35376381e+01,2.60520314e+00,7.62445294e+02
1181,124.354,3449.11,12.4857,3,1.89236,1.42764662e+04,2.55380194e-09,2.51636429e-10,-3.61522514e+01,-2.54214486e+01,9.96682602e-09,-1.34565498e+01,-2.14688964e+00,2.55603957e+01,-1.82828301e+01,2.21873907e+00,4.12145071e+00,-6.20973202e+01,4.07053918e+01,7.05394000e+02
1177,1848.55,3888.01,12.4955,3,1.89105,1.41565396e+04,9.42994767e-10,7.07466412e-11,7.34482288e+00,-6.52353892e+01,2.38635314e-09,-6.89407624e+01,-1.17805590e+01,-4.37829265e+01,-5.02551326e+01,-2.08021341e+01,2.99296932e+01,3.40172124e+01,5.60679652e+01,7.99083883e+02
1240,1853.41,3908.89,12.5268,3,1.89386,1.37267813e+04,2.00148623e-08,-2.22798957e-08,-3.30795946e+01,1.72937231e+01,1.08511616e-07,3.36263259e+01,2.23224429e+00,-3.47531402e+00,3.75300117e+01,4.81125624e+00,-2.88808882e+00,2.27455843e+01,-8.96400042e+00,7.07874195e+02
1182,1568.39,3648.4,12.5412,3,1.89179,1.36336944e+04,1.07698080e-08,-9.21281756e-09,-9.67809916e+00,-1.52726669e+01,5.15626110e-08,-8.55818214e+00,-9.41950594e+00,-5.83829457e+01,3.80052045e+01,3.97882536e+00,3.23420506e+01,-4.11536253e+01,3.01024602e+00,6.40602512e+02
1187,1479.45,3650.33,12.5499,3,1.88756,1.34909110e+04,5.45200651e-10,2.69025072e-10,-1.84562208e+01,-1.49864302e+01,2.66891750e-09,-1.79223208e+01,2.34281537e+01,-5.27748351e+01,-1.79320565e+01,-5.96820186e+01,-1.57538869e+01,2.23420959e+00,-1.99518150e+01,6.78213831e+02
1225,965.001,3928.16,12.5621,3,1.8869,1.33565250e+04,3.44651256e-09,-1.52393779e-09,3.46949597e+01,-5.33919664e+01,9.17824548e-09,2.79468715e+01,-2.15774338e+01,-1.92032152e+01,3.66389296e+01,-2.35827692e+01,-1.29101184e+01,-1.98987270e+01,1.66321688e+01,7.55916236e+02
1159,1619.42,3669.84,12.5653,3,1.89534,1.31924952e+04,1.02374106e-08,-1.05404768e-08,-4.71851198e+01,-3.48412702e+01,6.64491182e-08,-3.26179932e+01,-5.56489746e+01,-4.87930272e+01,3.50015264e+01,9.16563827e+00,-2.46786340e+01,-1.17375958e+01,2.00102535e+01,7.17147041e+02
15,654.888,38.9401,12.5951,3,1.89531,1.29040689e+04,1.54099258e-09,-1.79249862e-09,1.98165620e+01,-3.15396320e+01,7.38966669e-09,2.66739532e+01,-3.13038251e+01,-5.83820709e+01,-1.36402955e+01,4.92630713e+01,-2.93793274e+01,2.21018439e+01,-1.12793706e+01,6.35788502e+02
775,1818.21,2170.12,12.6179,3,1.8981,1.26632517e+04,1.21431054e-09,-4.92876886e-09,4.59987452e+01,-1.68326005e+01,1.20124116e-08,-1.90424907e+01,-2.52453686e+01,1.54748654e+01,-2.79111264e+01,2.13615612e+01,8.36790528e+01,-1.49856902e+01,-2.07344880e+01,6.43803883e+02
750,1335.96,2116.64,12.6772,3,1.897,1.16825733e+04,3.88805660e-09,-1.53727695e-11,-1.14534788e+01,7.74989084e+01,1.56645693e-08,-1.57823351e+01,3.46163778e+01,2.51081646e+00,2.22522902e+00,-3.76367560e+01,4.18366478e+00,3.59748070e+01,-6.81774272e+01,6.30163679e+02
1247,1073.75,3471.82,12.6843,3,1.88603,1.18529930e+04,1.23134741e-09,-3.56232047e-09,-1.37144483e+01,2.68303801e+01,1.30534835e-08,-1.92832089e+01,-1.38566030e+01,-4.65767000e+01,-2.71748930e+00,2.83687892e+00,-4.10326460e+01,-2.62719250e+01,3.81737054e+01,6.08385286e+02
456,946.504,1205.96,13.9113,3,1.8878,3.85844025e+03,1.17347453e-08,-3.13696752e-09,-2.07957647e+01,-2.21166534e+01,6.26100461e-08,2.65859049e-02,-1.49930355e+01,1.82013398e+01,1.43213823e+01,-1.04305078e+01,1.48144018e+01,6.05180619e+00,2.42749185e+01,1.73854184e+02
1428,1908.96,3935.37,13.9223,3,1.89119,3.87945641e+03,4.79232713e-10,4.72192982e-10,5.44492129e+00,2.42532452e+01,4.30628228e-08,-3.16395865e+01,4.29259962e+01,-1.78995559e-02,-8.72583971e+00,3.03267173e+01,2.74371794e+01,4.73825642e+01,-1.82033995e+01,1.85023851e+02
532,888.765,1430.96,13.9919,3,1.89372,3.68005135e+03,1.41227813e-09,-4.62447611e-10,1.97986020e+01,1.35428438e+01,9.40127721e-09,-3.37237332e+01,-4.74235904e+01,9.08316025e+00,-6.54195712e+00,-3.74022311e+00,2.11203432e-01,-1.20963131e+01,1.22861841e+01,1.25612093e+02
1413,1175.88,4040.08,10.1581,3,1.9024,1.20316248e+05,3.50892366e-08,-4.13279413e-08,3.24588195e+01,-1.68629747e+02,1.94089377e-07,3.86566045e+00,1.14831275e+02,-1.02245948e+02,9.88478971e+01,4.33178314e+01,-2.25701596e+01,-9.59861092e+01,9.68640048e+01,6.17846677e+03
449,651.095,1211.34,10.218,3,1.8977,1.14202021e+05,3.69637444e-08,-3.04280051e-08,2.03827914e+02,-8.92201693e+01,1.74447580e-07,-5.51535850e+01,-4.63909217e+01,-1.19716748e+02,1.59586174e+01,-1.99203737e+01,-2.89395977e+01,-9.58066149e+01,1.74083965e+01,5.82280096e+03
1396,590.782,3909.3,10.238,3,1.90205,1.12064222e+05,2.67459551e-08,-2.22030964e-08,1.66654990e+02,-1.11558465e+02,1.27557846e-07,-1.14872747e+02,-1.14601939e+02,-7.88597456e+01,4.91972387e+01,-9.12669228e+01,6.66668733e+01,2.06984920e+01,6.90316554e+00,5.58198112e+03
1172,507.207,3681.13,10.2424,3,1.89951,1.11780380e+05,2.72472660e-08,-3.53726403e-08,-4.75283280e+01,-3.02125388e+01,1.43036805e-07,-8.64593593e+01,-5.34600978e+01,3.88025223e+01,1.52775394e+02,-1.64554772e+00,-4.56661248e+01,7.76492204e+00,-1.06297270e+02,5.68400571e+03
28,1828.02,111.041,10.4634,3,1.90191,9.11964583e+04,1.72654986e-08,-1.75467375e-08,1.16810512e+01,1.38130360e+01,8.06822250e-08,1.35926851e+01,-5.83570307e+01,-1.00487628e+01,2.06133193e+01,-2.92563530e+01,-1.33479381e+00,-6.67441538e+01,2.09130211e+00,4.61894794e+03
114,1572.32,339.922,10.553,3,1.89993,8.40198839e+04,2.35905011e-08,-3.19049881e-08,-1.58823097e+02,-1.06292716e+02,1.43695706e-07,-7.02296993e+01,-1.04064099e-01,-2.91272542e+01,1.27502083e+02,-1.71232913e+00,-1.24106051e+00,1.24731553e+01,7.48596793e+00,4.20703595e+03
351,1784.64,952.651,10.56,3,1.90676,8.29131122e+04,3.04920199e-08,-2.83106891e-08,6.44928060e+01,-1.59894348e+02,1.41252843e-07,-5.27614863e+01,-1.18296028e+02,-6.37811521e+01,6.66409625e+01,-3.39503589e+01,-4.35547821e+00,-1.43105389e+01,2.50834728e+01,4.29709860e+03
266,867.96,739.971,10.6821,3,1.89964,7.45462294e+04,2.10532031e-08,-2.13756996e-08,6.85719243e+01,-5.93531332e+01,9.32304534e-08,-3.94012646e+01,-1.46851546e+01,-8.66188680e+01,1.65732993e+00,-6.10823315e+01,2.95184872e+01,3.83767943e+00,-2.92818697e+00,3.85418435e+03
332,587.945,896.449,10.7481,3,1.89962,7.01710458e+04,1.70579465e-08,-2.12833036e-08,1.21215018e+02,-7.19197987e+01,9.46053391e-08,-3.10146018e+00,-2.55375215e+01,-3.06964022e+01,9.67789642e+01,-4.61502796e+01,1.36700621e+01,1.61933156e+01,-1.21674703e+01,3.56350041e+03
17,1380.78,67.4099,10.761,3,1.90325,6.91164452e+04,2.44657812e-08,-2.73604065e-08,2.64308833e+02,-8.09883670e+01,1.29252864e-07,-4.46323713e+00,-4.63819712e+01,-4.37301596e+01,9.14801826e+01,-3.91801833e+01,-6.73748954e+00,-8.09565344e+01,-1.00746105e+01,3.53935951e+03
64,894.073,180.933,10.7919,3,1.89909,6.74507605e+04,2.21940729e-08,-1.64597292e-08,-1.08091408e+02,-9.68012185e+01,1.09284676e-07,-5.50131265e+01,-2.62512427e+01,-1.20558291e+02,5.84347630e+01,-3.14582651e+01,1.39048880e+01,5.61751676e+01,-1.94506065e+01,3.32566242e+03
1278,1056.57,3251.94,10.8433,3,1.90387,6.41852065e+04,1.60931177e-08,-2.16255713e-08,1.92284863e+01,-6.83500605e+01,7.54512135e-08,-9.36327840e+01,-1.25508752e+02,-7.84189337e+01,1.09564748e+02,-2.29188484e+01,-2.93784745e+01,5.12368536e+00,2.12831937e+01,3.38178851e+03
873,991.725,2486.95,10.8454,3,1.89835,6.40587731e+04,2.13225433e-08,-2.05066901e-08,3.31820237e+01,-5.27208637e+01,1.03263431e-07,-1.62242175e+00,-2.05502771e+01,-3.77869303e+00,1.01272144e+02,-4.52080896e+01,3.17216813e+01,-2.01806435e+01,2.00939618e+01,3.25762691e+03
1004,854.902,2859.17,10.8998,3,1.90477,6.08976759e+04,2.52761889e-08,-2.07092828e-08,5.84875674e+01,-1.14374871e+02,1.06318686e-07,-9.61887298e+00,-4.79959409e+01,-5.93124886e+01,5.14592240e+01,-1.41057816e+01,-2.39453320e+01,1.25160258e+01,-3.51312738e+01,3.02005283e+03
1265,1564.31,3463.17,10.9084,3,1.90389,6.04053892e+04,6.17019032e-09,-1.28497487e-08,4.08856331e+01,-4.76232790e+01,5.74708458e-08,-1.94199836e+02,-8.59215702e+00,-3.42365741e+02,4.77583858e+01,6.02129611e+01,1.36303607e+01,2.12995864e+02,3.26561978e+01,3.25014766e+03
200,2005.28,576.548,10.9216,3,1.90373,5.97258952e+04,1.43225184e-08,-1.28627188e-08,-2.07507379e+02,-1.15279957e+02,8.01159979e-08,1.14671289e+01,-6.61031503e+01,-8.36322506e+01,6.38925036e+00,5.40759341e+01,8.25473823e-01,9.56820973e+00,-5.34793584e+01,2.90874079e+03
999,1438.84,2844.39,10.9509,3,1.89822,5.83014580e+04,1.44484336e-08,-1.38474871e-08,1.24490859e+02,-1.98754596e+01,7.25507588e-08,-2.52095357e+00,3.92358258e+01,2.73994255e+00,7.35739894e+01,-2.87070909e+01,4.62569788e+01,-2.79741006e+01,6.51138038e+00,2.95756689e+03
1084,389.174,3069.14,10.9853,3,1.90093,5.65308777e+04,1.19431101e-08,-1.19175084e-08,8.72497949e+00,-4.52988218e+01,5.81567703e-08,-2.84187146e+01,-3.36392778e+01,-2.46908799e+01,1.00897226e+02,4.03222135e+00,-2.18337602e+01,5.48804840e+01,2.61746331e+01,2.78667365e+03
4,1745.23,34.1323,11.0412,3,1.90262,5.35027038e+04,7.83086488e-09,-8.52839099e-09,-7.68438183e-03,-6.56747624e+01,3.67029965e-08,-3.88922371e+01,-4.34811304e+01,-2.33794271e+00,3.92104451e+01,-3.12086778e+01,5.35894694e+01,-1.63845855e+01,4.17362625e+01,2.74974883e+03
695,931.871,1950.32,11.0898,3,1.89709,5.13135697e+04,1.62353068e-08,-1.53654863e-08,1.05303229e+02,-1.06965512e+02,7.34053531e-08,-6.70051832e+01,-3.55844047e+01,-4.88727551e+01,6.82142616e+01,-2.87106992e+01,2.13712915e+01,-4.48566693e+01,1.73528687e+01,2.63323361e+03
512,923.141,1407.71,11.1194,3,1.90114,4.98108263e+04,1.49358433e-08,-1.73898993e-08,-5.85145569e+01,-2.31560371e+01,8.02113256e-08,-4.21491481e+00,4.33168534e+01,5.41847729e-01,8.21875036e+01,-5.10660735e+01,1.79336131e+01,3.30536515e+01,2.49528469e+01,2.48414779e+03
1401,1761.71,3361.41,11.1504,3,1.90431,4.82907106e+04,1.08436939e-08,-1.25452868e-08,2.09439855e+02,4.43865881e+01,5.27147519e-08,2.11440173e+01,8.88902162e+00,-5.43944663e+01,1.19265280e+02,-7.84496342e+01,-5.44313337e+01,-8.93782972e+01,-1.60131559e+01,2.41347437e+03
455,1176.63,1213.05,11.2159,3,1.90456,4.54734129e+04,1.66460813e-08,-2.53770954e-08,1.32102584e+02,-4.82185481e+01,1.09214978e-07,-2.71492653e+00,-2.06847533e+01,-7.50162901e+01,8.13163992e+01,-3.33355438e+01,-1.97526718e+01,-3.42484268e+01,3.61260817e+01,2.31107144e+03
1232,1549.27,3550.08,11.2311,3,1.90067,4.49437733e+04,7.85345968e-09,-8.63432249e-09,4.36352367e+00,-9.37877823e+01,5.14485725e-08,-2.05741004e+01,3.44677759e+01,-8.61624035e+00,4.73654768e+00,-3.44581623e+00,1.35948621e+01,-5.38510076e+01,4.29104994e+01,2.25579219e+03
365,1781.6,977.258,11.2698,3,1.90588,4.32708751e+04,5.20666631e-09,-6.24220444e-09,-9.08663851e+00,-2.65666351e+01,2.47154219e-08,-6.64191747e+00,-3.22042493e+01,6.74975624e+00,1.09284839e+02,-3.36748108e+01,2.87398098e+01,-1.28839981e+01,1.06644097e+01,2.23071901e+03
1202,1096.58,3517.27,11.2761,3,1.89669,4.32509491e+04,1.16237852e-08,-1.09436778e-08,9.82416303e+01,-7.90462233e+01,5.64616924e-08,-2.49558613e+01,4.69551050e+00,-4.80721379e+01,9.07627534e+01,-3.09362664e+00,-1.72257962e+01,1.00102570e+01,4.59749062e+01,2.21316850e+03
432,1934.9,1154.44,11.2882,3,1.90025,4.26363919e+04,2.16675371e-08,-1.66201486e-08,1.37004659e+02,-4.65239278e+01,9.86446048e-08,1.72120766e+01,-5.91623667e+00,-7.69747651e+01,8.75570315e+01,-1.49780581e+01,-1.68914095e+01,-1.74990249e+01,2.88977561e+01,2.19442981e+03
973,828.681,2795.68,11.3525,3,1.90443,4.01218993e+04,1.52976646e-08,-1.37724793e-08,1.06758896e+01,-1.94349612e+01,6.34021497e-08,-1.47831751e+01,3.11243024e+01,-4.68249863e+01,3.58796828e+01,-7.87327541e+00,-6.75516511e+01,1.98796020e+01,-1.20895726e+01,2.04220068e+03
872,389.673,2473.31,11.3616,3,1.90368,3.97850465e+04,9.92822027e-09,-1.49382771e-08,1.45558834e+02,-1.10691295e+02,5.70257936e-08,-4.42597713e+01,3.79976820e+00,-6.35592106e+01,6.62490560e+01,-9.43042954e+00,-4.19577623e-01,-6.69496886e+00,9.54487075e-01,2.05154605e+03
951,133.151,2711.32,11.4385,3,1.89781,3.72343300e+04,1.34042898e-09,-5.05236483e-10,-8.92939144e+00,-8.98204365e+01,5.39851336e-09,-3.62946576e+01,-9.04700454e+01,-7.10652673e+00,-3.18262835e+01,-3.68683023e+01,3.50268151e+01,2.20692996e+01,1.09948677e+01,1.87627443e+03
478,602.047,1280.41,11.4811,3,1.89578,3.58457334e+04,8.36766785e-09,-6.43829751e-09,3.72751715e+01,-6.66851408e+01,3.92226599e-08,-2.94523819e+01,1.96327841e+01,-1.93246189e+01,4.45459037e+01,-2.21872829e+01,4.49078448e+01,2.83129211e+01,1.32950409e+01,1.78361291e+03
1289,122.174,3335.27,11.5413,3,1.89508,3.39051562e+04,1.44296815e-08,-1.57754246e-08,4.56359374e+01,-7.36077186e+01,7.42371225e-08,1.04394560e+01,-2.13360504e+01,3.12447832e+01,6.62661194e+01,2.64132514e+01,2.22319351e+01,-5.48462236e+01,-4.51285866e+01,1.72263172e+03
1064,1380.42,3034,11.5582,3,1.90213,3.32857690e+04,6.07287930e-09,-7.75092354e-09,-1.41585969e+02,-3.35049883e+01,3.27198113e-08,3.69973908e+01,-4.06027780e+01,-8.41010740e+01,8.77268013e+01,-7.40426713e+00,1.61288539e+01,8.47343098e+01,-6.32337250e+01,1.65660442e+03
508,320.205,1374.02,11.5986,3,1.89943,3.20974760e+04,1.10731195e-08,-1.02286642e-08,-3.15963526e+01,-7.22222355e+01,5.26429750e-08,-2.65909336e+01,-1.99790464e+01,-4.13455939e+01,3.33686296e+01,-8.60774977e+00,-3.69988419e+01,-5.45221607e+01,4.31238470e+01,1.69996085e+03
1139,1713.27,3941.3,11.6178,3,1.90591,3.06847663e+04,7.78952840e-09,-2.59969444e-08,1.03244315e+01,-1.61124960e+01,8.89511446e-08,-5.34219903e+00,1.58860121e+01,-1.49058058e+01,-6.77242814e+01,-1.13893199e+01,-6.11916965e+01,-7.33936209e+01,3.10917648e+01,1.60722160e+03
783,1200.34,2191.03,11.6663,3,1.89995,3.01870354e+04,7.30299551e-09,-5.70398450e-09,-7.87424217e+01,-5.77395328e+01,3.92190271e-08,-4.18157208e+01,-3.97882712e+01,3.14462326e+00,4.30582567e+01,-5.12055071e+01,-1.51093035e+01,-1.80009482e+01,4.40145523e+01,1.53313956e+03
215,1475.37,608.766,11.6717,3,1.90118,2.99433621e+04,1.03459288e-08,-1.46846586e-08,-9.32753077e+01,2.71990328e+01,5.51377572e-08,-6.54557491e+01,-6.99329871e+01,-7.82334156e+01,6.68070648e+01,1.91026503e+01,4.23124126e+00,4.80120084e+01,2.74967000e+01,1.58009663e+03
307,600.872,832.027,11.7102,3,1.90239,2.89616813e+04,8.81401232e-09,-7.32918802e-09,1.47196747e+01,-1.16060276e+01,3.74694162e-08,-1.65612675e+01,3.02282009e+00,-2.94667277e+01,4.04410938e+01,3.78959412e+01,3.26117870e+01,-2.87473268e+01,3.75373292e+00,1.47485081e+03
1153,1606.93,3711.65,11.7573,3,1.90008,2.77731177e+04,7.40820444e-09,-5.41528883e-09,-1.10438463e+02,-1.99594143e+01,3.15359800e-08,-2.85984694e+01,3.52817575e+01,-5.01106024e+01,-4.02579268e+00,1.47434656e+01,-5.97193002e+01,5.05134508e+01,-3.62963552e+01,1.37287648e+03
814,114.955,2298.38,11.7671,3,1.89359,2.76128011e+04,1.64015444e-08,-6.26394221e-09,9.25866076e+01,-1.00700931e+01,5.64238651e-08,-3.10053661e+01,3.95968467e+01,1.01383198e+01,2.83284062e+01,3.25553277e+00,2.31446322e+01,6.80716587e+01,6.70205538e+00,1.39895176e+03
50,807.326,136.998,11.7744,3,1.89995,2.73914395e+04,5.87703321e-09,-3.08218183e-09,-1.03113428e+02,-4.64309791e+01,2.42520780e-08,-5.59187768e+01,4.48320410e+00,4.22088188e+01,-1.39349375e+01,-1.39307332e+01,2.38358065e+01,-3.91764206e+01,2.26280407e+01,1.32633962e+03
484,829.284,1304.99,11.8355,3,1.89704,2.58116255e+04,1.10475867e-08,-6.83829990e-09,-5.52567343e+01,4.76165442e+01,3.30239227e-08,-5.10185289e+01,1.16789873e+01,-5.50648964e+01,2.27585149e+01,-6.20552151e+00,4.40127543e+01,2.15083467e+00,-4.75257240e+01,1.33695866e+03
1371,297.116,3118.94,11.8559,3,1.8965,2.54677772e+04,3.74246508e-09,-4.04059651e-09,-5.44164771e+01,-5.34651592e+00,1.77183240e-08,-3.79524189e+01,3.36533996e+01,-1.63523030e+01,5.80147444e+01,-2.71968844e+00,-3.56530054e+01,2.76630355e+01,1.34879506e+01,1.27486149e+03
218,1791.8,608.915,11.8704,3,1.90673,2.49182851e+04,8.20411040e-09,-7.41463478e-09,1.05941449e+02,-6.87126711e+01,3.79046925e-08,1.90025191e+01,-2.11380864e+01,-2.97117762e+01,-3.31383336e+01,5.09642824e+00,-3.48083679e+00,-2.18467479e+01,-2.74507897e+01,1.29097442e+03
778,135.519,2183.25,11.8867,3,1.90027,2.45712190e+04,2.64550908e-09,-2.78736451e-09,4.09271893e+01,-4.14602172e+01,1.23782577e-08,-6.29058447e+00,-1.13597711e+01,2.21594954e+01,2.46531290e+01,-1.50788406e+01,-4.94911759e+01,3.76531938e+01,-3.51682554e+01,1.27914834e+03
1369,636.975,3944.13,11.9085,3,1.89503,2.42075752e+04,5.23604108e-09,-6.26445500e-09,3.93243684e+01,-6.52419940e+00,2.68032926e-08,7.06591998e-01,-6.29101663e+01,-1.94896444e+01,1.91253943e+01,2.31936838e+01,-3.99617257e+01,-4.12013327e+01,3.36345507e+01,1.24553467e+03
1078,1021.19,3055.69,12.0373,3,1.89742,2.14970387e+04,9.29409238e-09,-1.37447999e-08,-1.23892017e+01,-5.10766727e+01,4.96083491e-08,-3.18289948e+01,-5.52235956e+00,6.58963457e-02,-1.00965707e+01,1.25973046e+01,3.63965443e+00,-7.48653836e+00,-1.71932486e+01,1.11593165e+03
73,651.18,208.788,12.0388,3,1.9055,2.13662809e+04,2.20836112e-08,-2.00392182e-08,4.61587018e+01,4.99234573e+00,7.69003509e-08,1.03508384e+01,4.90231223e+01,-9.86753152e+01,-1.21295401e+01,-4.05607941e+01,-3.59882022e+00,6.51602055e+00,-2.53509536e+01,1.10780078e+03
1424,1024.4,3218.81,12.0917,3,1.89997,2.04327703e+04,7.28838484e-10,-1.52168210e-09,-2.59030714e+01,-6.16862739e+01,6.11350663e-09,-5.40411523e+01,-3.75634081e+01,-7.30378133e+01,8.32174715e+01,-1.44989889e+01,-1.20367548e+01,4.15997031e+00,-9.07500516e+00,1.05609536e+03
1137,1271.55,3760.51,12.0926,3,1.90585,2.03047290e+04,5.29542211e-09,-6.98196528e-09,4.97239374e+01,1.11994427e+01,3.21381339e-08,-6.82624718e+00,2.61080622e+00,2.95699832e+01,5.19319710e+01,1.55593831e+00,-2.19776644e+00,-2.92688139e+01,4.54522010e+01,1.04993044e+03
1134,1921.55,3985.3,12.1014,3,1.90296,2.02821470e+04,2.75510055e-09,-4.36175318e-09,1.28579134e+01,2.62294720e+01,1.70571525e-08,-4.00143448e+01,2.28529260e+01,-2.68758358e+01,1.81878139e+01,-1.79783415e+01,-1.77272287e+01,3.55153604e+00,-2.88437395e+01,1.01180486e+03
944,1247.22,2680.08,12.1672,3,1.90035,1.90674275e+04,2.53030497e-09,-2.20255324e-09,-2.87458444e+01,-6.20435797e+01,1.46808128e-08,1.46261329e+01,-5.11911056e+00,-7.81745127e+01,3.96487336e+01,6.79980712e+01,-6.82592091e+00,2.62857688e+01,2.67077785e+01,8.70178447e+02
472,600.4,1260.03,12.1915,3,1.89637,1.86652948e+04,1.26642159e-08,-1.54527081e-08,-4.36445098e+00,-5.23058532e+01,5.57055428e-08,-4.41221640e+01,-1.67111902e+01,-3.77866519e+01,-3.10719963e+00,7.59046473e+00,-2.51461777e+00,-4.81010064e+00,2.76388775e+01,9.49876241e+02
417,1954.89,1096.15,12.197,3,1.90447,1.85306416e+04,1.04950286e-10,-4.78841888e-10,5.34799110e+01,-3.54791283e+01,3.70987059e-09,-3.97248526e+01,1.34594915e+01,-4.83716166e+01,1.92620021e+01,8.03675445e-01,-4.59593475e+01,3.90161556e+01,3.80772030e+01,8.88708225e+02
680,652.79,1898.3,12.2106,3,1.89724,1.81634340e+04,5.41538889e-09,-4.67295112e-09,8.11383237e-01,-2.64288814e+01,2.42546030e-08,1.98252943e+01,-3.51907931e+01,1.55333761e+01,3.57819087e+01,-7.14494627e+00,1.21587383e+01,-1.06797119e+01,3.13366323e+00,1.02176586e+03
956,716.928,2721.3,12.2155,3,1.89912,1.81927151e+04,2.48976000e-09,-1.45540201e-09,1.21625967e+01,-4.67914636e+01,1.10919941e-08,-3.52447881e+01,4.78482120e-01,-1.30425512e+00,-5.02020428e+00,-4.42709399e+01,2.71969174e+01,-3.25377156e-02,-3.70671564e+01,9.30935614e+02
1435,512.068,3909.23,12.2161,3,1.89714,1.82759078e+04,2.23962535e-09,-1.17176613e-09,2.17147759e+01,-1.20821874e+01,1.15038836e-08,-4.11293924e+01,-1.67327991e+01,-8.16341215e+01,-1.20626858e+01,1.03443953e+00,-1.37934541e+01,-3.52492749e+01,-1.31149331e+00,9.01765234e+02
1206,1024.73,3448.79,12.2597,3,1.90065,1.74641387e+04,1.79129672e-08,-1.70179058e-08,-4.63311969e+00,-1.51103996e+01,8.59295423e-08,1.16337119e+01,1.40410846e+01,-4.84061526e+01,-3.56080720e+01,-1.42064694e+01,2.14906331e+01,-6.59426825e+00,-4.73828375e+01,8.90496189e+02
1020,924.343,2891.9,12.2995,3,1.89634,1.69649198e+04,-1.47864552e-10,-3.81000986e-10,-2.18810727e+01,-3.12575579e+01,2.64682132e-09,4.02126958e+01,2.90178257e+01,1.05613610e+01,-2.76648837e+00,-3.19371207e+01,2.20959575e+00,-1.32399744e+01,1.64911810e+00,7.87762948e+02
601,629.866,1668.55,12.3716,3,1.89983,1.58543468e+04,2.51302844e-09,-2.51007848e-09,2.89135163e+01,-1.09638760e+01,1.73962961e-08,1.92294196e+01,-3.51487846e+01,-4.54149996e+01,6.13208548e+00,3.78653754e+01,3.16603821e+00,-5.83109815e+00,-1.03371174e+01,7.44374667e+02
139,1794.87,381.626,12.4203,3,1.90527,1.51239764e+04,5.96180290e-09,-3.96963357e-09,-1.86903151e+01,-5.14152944e+01,2.49474873e-08,8.18474709e+00,-4.18142983e+01,-5.16426281e+01,8.29419511e+00,-9.42321469e+00,-1.12638398e+01,1.38544227e+01,-1.33766540e+01,7.41445966e+02
743,1011.92,2086.96,12.4304,3,1.89852,1.49542724e+04,4.01349104e-09,-4.75524549e-09,3.89259893e+01,-1.43725298e+01,2.20666473e-08,-1.35072395e+01,3.02631569e+01,2.79181139e+00,6.06347894e+01,-4.19116569e+00,-7.10031220e+00,-1.87601614e+01,-1.84800573e+01,7.72888624e+02
14,1004.9,37.5442,12.4376,3,1.90561,1.48721075e+04,1.09590956e-08,-3.81868816e-09,-3.73361207e+01,-1.32560371e+01,4.41742239e-08,-4.21834641e+01,-1.81140534e+01,5.77906154e-01,4.28342255e+01,-4.27521707e+01,-2.18413184e+01,1.18431238e+01,3.68422317e+00,6.84639144e+02
96,1126.1,271.341,12.4656,3,1.90166,1.45080573e+04,3.86141235e-09,-5.47948172e-09,8.22431724e+00,9.84053479e+00,1.89706980e-08,1.59725705e+01,6.02807210e+01,-5.60897163e+01,-7.48608824e+00,-2.56713353e+01,-2.46783687e+01,-4.53585485e+00,1.19811632e+01,7.60997081e+02
1022,1811.91,2898.41,12.527,3,1.90071,1.37002917e+04,1.49673776e-08,-1.31141813e-08,1.58711415e+01,-4.14030427e+01,7.30912010e-08,-5.44699461e-01,2.48573125e+01,-5.22333415e+01,4.81793286e+01,1.87628936e+01,-1.68470788e+00,4.79920616e-01,2.59121326e+00,6.60011943e+02
1345,581.309,3672.26,12.533,3,1.89614,1.36883716e+04,5.89982331e-09,-4.48382432e-09,2.87592074e+01,-1.89756614e+01,2.93733989e-08,-3.35227041e+01,-1.46414553e+01,-3.15980037e+01,-1.70661630e+01,-4.12299711e+01,-1.32359223e+01,-1.13774583e+01,-1.08407991e+01,6.67762271e+02
499,1419.7,1344.56,12.5349,3,1.90719,1.35430111e+04,4.25286716e-09,-5.96462545e-09,-2.26647885e+00,1.99662596e+01,2.11049481e-08,3.41323084e+01,2.95564149e+01,-3.78209106e+01,1.10748537e+01,-8.90526339e+00,-2.11925877e+00,9.78265378e+01,6.62085700e+00,7.01860945e+02
579,865.557,1612.93,12.5513,3,1.89855,1.33707730e+04,5.09410998e-09,-2.12358788e-09,5.07640925e+00,-2.98108914e+01,2.74668887e-08,7.30364572e-01,2.39882103e+01,-7.64601148e+01,4.39262405e+01,-4.35231247e+01,4.76066570e+00,-2.92351603e+01,-3.17988514e+00,6.60135753e+02
282,38.13,764.418,12.5761,3,1.89419,1.30776078e+04,1.18654773e-08,-3.81724765e-09,-7.38431270e+00,2.16005521e+01,3.67298108e-08,6.54063499e+00,1.54988339e+01,2.62939483e+01,2.55660303e+01,-1.27440833e+01,2.32654827e+01,5.29296700e+00,5.55229535e+01,7.15768329e+02
588,1612.39,1629.84,12.623,3,1.90129,1.25011719e+04,4.06333226e-09,-5.07276276e-09,-1.67541911e+00,-2.26652920e+01,2.52703700e-08,-1.52388969e+01,-1.95653911e+01,-4.74545120e+01,1.11907342e+01,-1.42923258e+01,-1.39346503e+01,-2.41443044e+01,-3.07643023e+00,6.00923394e+02
676,622.861,1877.2,12.6589,3,1.90372,1.21329838e+04,1.01342345e-10,-1.26325089e-10,3.77454537e+01,-1.28046915e+01,6.41990192e-10,1.35423001e+01,-3.79220319e+01,-7.90760220e-01,1.72075538e+01,3.46677180e+01,-2.07151382e+01,2.19294699e+01,-2.32544085e+00,5.73234514e+02
889,496.921,2533.43,12.7009,3,1.89717,1.16833696e+04,-9.97161247e-11,-7.38935882e-10,3.83116090e+01,-8.77195286e+01,2.18506631e-09,2.30079564e+01,-5.54724504e+00,-4.65879461e+00,9.15787351e+00,-1.18445765e+01,-2.82886880e+01,-2.19966762e+01,4.63965333e+00,6.05264336e+02
594,816.783,1635.32,12.7256,3,1.90106,1.14224071e+04,2.09154995e-09,-1.31877673e-09,6.25596461e+00,2.39415434e+01,7.42654997e-09,-4.96913663e+01,9.72746581e+00,-2.84861470e+01,6.71618587e+01,-4.18781089e+01,-1.94928634e+01,-2.31514808e+01,-1.13592138e+01,5.69694015e+02
916,233.995,2596.23,12.7413,3,1.89379,1.13464883e+04,3.81119612e-10,-7.37787238e-10,-3.65504502e+01,-4.20775762e+01,2.37055546e-09,1.96888362e+01,4.76006438e+01,-5.05964111e+01,-1.51505754e+01,1.78847197e+01,2.29342671e+01,8.59824163e+00,-1.64147422e+01,5.95221853e+02
922,1232.61,2604.04,13.0768,3,1.90504,8.29977686e+03,-2.66172457e-10,-2.59292436e-09,2.93585171e+01,5.03230038e+00,9.71667182e-09,3.63968341e+01,-2.52705978e+01,-7.29060894e+01,6.35914962e+00,1.29570789e+01,1.18060684e+01,-6.05704272e+00,-1.86209861e+01,3.58068726e+02
5,750.413,28.0789,13.081,3,1.89711,8.30660765e+03,1.77713716e-09,-2.04259146e-10,-9.81685162e-01,-3.55865148e+00,1.13265479e-08,4.65571978e+01,1.05723595e+01,-2.72756493e+01,1.38366972e+01,-6.39064440e+00,1.35066214e+01,-8.16221071e+00,1.12589915e+01,3.69468207e+02
593,72.9147,1634.66,13.1741,3,1.90281,7.61881270e+03,8.34419536e-10,-2.41823486e-10,3.04103343e+00,-4.13565073e+01,5.86035070e-10,1.89988884e+01,1.55393478e+01,-1.42562511e+01,1.11594574e+01,-1.47620148e+01,-9.89857545e+00,-1.15906815e+01,5.55069630e+01,3.88326521e+02
361,1893,962.093,13.1895,3,1.9039,7.39014916e+03,2.47006489e-10,-3.84991052e-10,-1.38559926e+01,-2.34699318e+01,1.54499550e-09,3.97519341e+00,-2.20778850e+01,4.77266714e+01,9.83242271e+00,4.37486708e+01,3.28099384e+00,4.25097383e+01,1.45421898e+01,4.19799913e+02
317,28.7016,842.823,13.8802,3,1.89411,4.01109123e+03,-2.72322551e-10,-4.68112930e-10,7.06348500e+00,-9.71060837e+00,6.04837371e-09,1.40338239e+01,1.40601931e+00,-2.00219136e+01,-2.91638713e+01,-3.84618079e+00,2.15280664e+01,9.74993934e+00,-2.25280385e+01,1.84866277e+02
861,92.8712,2447.08,10.0483,3,1.90429,1.33048817e+05,3.69481204e-08,-3.36615788e-08,-9.76762705e+01,-1.17477510e+02,1.78328488e-07,-1.22728209e+02,-2.42551001e+01,-1.92413187e+02,2.02296721e+02,-1.37866809e+01,-3.06263984e+01,1.36241471e+02,7.56439975e+01,6.72317679e+03
515,1277.73,1418.57,10.1729,3,1.90984,1.18504408e+05,3.30918476e-08,-3.94055829e-08,1.74667219e+00,-1.26825356e+02,1.73678351e-07,-7.64130711e+01,-4.02820317e+01,-6.74269998e+01,1.08781554e+02,-7.45282078e+01,2.61715991e+01,4.67302095e+01,1.32351059e+01,5.98313914e+03
493,112.863,1347.92,10.3588,3,1.90982,9.98961712e+04,2.58387929e-08,-2.58664864e-08,1.65045124e+02,-1.87915830e+02,1.26647193e-07,-1.55004522e+02,1.01677771e+01,-1.31895707e+02,1.50839206e+02,-2.85163151e+01,1.90932479e+01,-6.62631550e+01,2.95259494e+01,4.93453777e+03
291,293.688,807.983,10.5407,3,1.91049,8.44987924e+04,2.57412467e-08,-2.56582492e-08,6.91198093e+01,-9.45757912e+01,1.29867172e-07,-9.30276230e+01,-1.02960653e+02,-1.68967941e+02,1.82137791e+02,-6.50937661e+01,4.52860196e+01,5.39187046e+00,8.11156856e+01,4.18524675e+03
777,95.1695,2191.11,10.8121,3,1.90396,6.60876476e+04,2.71033205e-08,-1.79028727e-08,-2.42192557e+01,-1.64412585e+02,1.15205038e-07,-3.91415691e+01,-4.27947667e+01,-1.01484436e+02,-5.32819471e+01,-7.38156291e+00,-5.96349725e+01,1.74702985e+00,3.32649163e+01,3.27071740e+03
335,1547.54,930.724,11.0448,3,1.91064,5.31873515e+04,1.74851861e-08,-1.44951412e-08,-2.53477981e+01,-7.38013525e+01,8.46816515e-08,-6.96917004e+01,-5.04799985e+01,-7.47481102e+01,3.49614240e+01,1.53072490e+01,3.17217644e+01,2.38122902e+01,5.58911435e+01,2.65500721e+03
397,48.702,1047.18,11.0691,3,1.90433,5.21210218e+04,2.82468536e-08,-2.73594216e-08,-3.78496816e+00,-4.82871396e+01,1.30274891e-07,-5.17936195e+01,6.23571787e+01,-7.39425056e+01,6.78657316e+01,-7.61576291e-01,-1.63632592e+01,7.93880285e+00,9.39791161e+00,2.56536004e+03
1275,524.185,3326.1,11.3091,3,1.9049,4.18584079e+04,1.42920154e-08,-9.23694426e-09,2.31869212e+01,-5.41464166e+01,6.43763769e-08,-2.96971028e+00,-3.13693404e+01,-6.80500420e+01,-3.47527179e+01,-3.16573135e+01,4.85005381e+00,6.73607756e+01,1.96489976e+01,2.00130023e+03
1006,606.64,2860.09,11.3943,3,1.90685,3.87137043e+04,6.34174503e-09,-6.81401085e-09,5.99190428e+01,-3.01339333e+01,3.34968568e-08,-3.84559859e+00,3.77149901e+01,-4.72608963e+01,1.12905094e+02,3.28363964e+01,1.08461824e+01,-9.48866787e+00,-1.90321123e+01,1.88125890e+03
1405,1381.25,3749.75,11.398,3,1.90987,3.83379360e+04,1.67699091e-08,-1.32310215e-08,-1.66124982e+02,-2.36973221e+01,6.60068748e-08,-7.60963182e+01,4.97231096e+01,-3.43469643e+01,3.95866328e+01,-2.34017543e+01,-4.57218402e+01,3.38123173e+01,-2.19365752e+01,1.97116367e+03
403,1751.87,1060.88,11.4557,3,1.91193,3.64592319e+04,4.10144109e-09,-3.30060006e-09,-1.42381893e+01,-3.07772653e+01,2.38472343e-08,-7.08454538e+01,-3.98422157e+01,-4.20717397e+00,3.64193919e+01,6.54436059e+01,-3.02880139e+01,-2.69721371e+01,3.40898714e+00,1.76125961e+03
524,1014.85,1434.01,11.5394,3,1.91088,3.36619217e+04,1.49682971e-08,-1.35224843e-08,8.97689918e+00,-3.54510232e+01,6.75420428e-08,1.55196650e+00,1.40963112e+01,-1.20682612e+02,9.92049555e+01,7.24902085e+00,1.61717997e+01,9.15278689e-01,2.96211512e+01,1.76297667e+03
1179,2003.79,3590.19,11.5562,3,1.91127,3.30540730e+04,2.56826108e-08,-7.34435852e-09,5.08332403e+00,-2.00102314e+01,9.59269696e-08,9.11189659e-01,8.01423709e+01,6.43777104e+01,9.95125165e+00,-6.20054479e+01,2.79735117e+01,3.53315459e+01,1.05862978e+02,1.70878352e+03
18,320.168,73.8704,11.6292,3,1.90568,3.10684646e+04,1.15537471e-08,-1.16873858e-08,-6.77403471e+01,-2.82564558e+01,5.10537458e-08,1.35938149e+01,-2.67886413e+01,3.15891442e+00,6.75895861e+01,-1.94042015e+01,-1.45573223e+01,2.25536673e+01,3.30383098e+01,1.53957786e+03
245,999.508,686.979,11.6411,3,1.91433,3.05392932e+04,9.29480667e-09,-1.39721661e-08,3.99717706e+01,-3.72037548e+01,6.98171028e-08,2.87652519e+01,4.07873449e+01,-1.23224535e+02,-1.15347995e+01,-1.96300991e+01,-4.33537359e+00,-5.40711976e+01,1.32590615e+01,1.57946378e+03
931,1875.63,2646.26,11.693,3,1.91634,2.93416030e+04,4.84407731e-10,-9.63040251e-09,1.79775840e+02,-7.46092157e+01,4.30664374e-08,-3.71624838e+01,1.88172515e+01,1.83914322e+01,9.24877802e+01,-5.20238364e+01,3.63666936e+00,-1.26122032e+02,-1.57390683e+01,1.30972260e+03
1281,1655.95,3447.52,11.7204,3,1.91013,2.84951068e+04,1.09078353e-08,-7.72022580e-09,-2.87130904e+01,-1.03262284e+02,5.40039647e-08,-3.08537628e+00,-4.70034567e+01,3.93291739e+01,1.95814222e+01,1.69170512e+01,2.61956808e+01,2.32394313e+01,5.43911759e+01,1.39584987e+03
1144,891.971,3516.09,11.7529,3,1.90773,2.77662590e+04,5.99070981e-09,-6.77283157e-09,-9.98887791e+00,-2.98716305e+01,3.12750975e-08,1.83335210e+01,1.36799434e+01,-9.00069777e+01,4.63052396e+01,-2.81186863e+00,4.10699471e+01,1.85267890e+01,-1.87633320e+00,1.39288603e+03
329,771.397,886.54,11.8116,3,1.90586,2.64272697e+04,6.84307275e-09,-6.19893091e-09,-3.48976714e+01,-1.10688974e+02,3.43156161e-08,3.00914814e+00,3.46123513e+00,1.54179086e+01,5.35466982e+01,-2.24424626e+01,-3.30533097e+01,-7.79654298e+01,8.10069045e+01,1.26405247e+03
957,256.04,2724.24,11.876,3,1.91209,2.47352384e+04,2.12856880e-08,-1.75300629e-08,8.82360813e+01,-5.18868436e+01,5.86208712e-08,-9.86108075e+01,-5.57486257e+00,-2.55127823e+02,3.94925997e+01,-1.63072270e+01,1.01625446e+01,4.22140155e+01,-2.66422102e+01,1.27638871e+03
1185,992.073,3488.75,11.8774,3,1.90761,2.48164575e+04,5.19865338e-09,-5.91791517e-09,2.80618311e+01,2.88819891e+01,2.77973649e-08,-1.67574796e+01,-4.44626077e+01,-3.69300579e+01,5.00207192e+01,-8.00251675e+00,-4.14591755e+01,-4.38617542e+01,-1.66130662e+01,1.17978354e+03
62,1045.55,167.072,11.9062,3,1.91296,2.41111018e+04,3.35948262e-10,-5.50768446e-10,7.59463127e+01,-6.68895622e+00,3.00051136e-09,-5.53611000e+00,2.70521797e+01,-3.28264167e+01,1.66075178e+01,-5.47465067e+00,-9.60795221e+00,-6.22198668e+00,2.52559441e+01,1.12173863e+03
634,945.567,1757.56,12.0044,3,1.91175,2.19556073e+04,8.72202951e-09,-1.12081028e-08,4.48817611e+01,-1.70946176e+01,3.91751434e-08,3.68604031e+01,-1.11313404e+01,-3.95821323e+01,-1.80757427e+01,-1.71348199e+01,-1.08479803e+00,5.83548784e+00,2.29114289e+01,1.17492143e+03
948,620.833,2696.12,12.0367,3,1.91159,2.12840968e+04,2.42842315e-08,-1.73280395e-08,-2.15716433e+00,9.18881890e+00,1.11721504e-07,-3.29024710e+01,9.41717113e+00,-7.08602608e+01,-2.11948879e+00,-7.04250486e+01,-2.17991925e+01,1.10673758e+00,-3.59062748e+01,1.03332826e+03
1216,1870.62,3920.63,12.1393,3,1.91606,1.94598610e+04,1.26100531e-09,-1.41101904e-09,6.05750700e+01,6.70401744e-01,5.97351248e-09,-2.60914001e+01,9.76516226e+00,-7.31863888e+01,-3.10365444e+00,3.27781607e+01,5.09127587e+01,-9.18195887e+01,3.78347425e+01,9.03524809e+02
1136,599.748,3771.65,12.2833,3,1.91314,1.71108408e+04,8.47487460e-09,-2.68025568e-09,-4.57164659e+01,-4.33949759e+01,2.99166712e-08,2.18079611e+01,6.29210805e+00,7.17466102e+00,-2.08027574e+01,-5.36280173e+00,-1.74115550e+01,3.47858573e+01,5.22408588e+01,7.89066797e+02
958,354.921,2730.34,12.2834,3,1.90357,1.70896223e+04,1.28448123e-09,-2.89262151e-09,3.87943528e+01,2.30587829e+01,8.94662178e-09,6.07869525e+00,-1.59419108e+01,9.22010473e+00,1.43306153e+01,-9.05831917e+00,1.71686474e+01,-7.04655889e+00,4.18134139e+01,8.61125457e+02
543,1456.73,1475.31,12.3011,3,1.91664,1.67427189e+04,2.72827034e-09,-7.73616395e-09,2.06680127e+02,-1.93847875e+01,3.11411789e-08,4.60305539e+01,-3.24359860e+01,1.16666705e+02,4.11314802e+01,2.30027637e+01,1.38587611e+00,2.02207426e+01,1.41128262e+01,8.48377593e+02
223,1948.08,614.757,12.3442,3,1.91134,1.61576304e+04,7.17592771e-10,-6.39825391e-10,1.62720153e+01,1.33380224e+00,3.86328618e-09,-2.08045629e+01,5.74583498e+01,4.68055861e+00,2.44090972e+01,2.90325399e+01,4.87663085e+01,-2.04296848e+01,-4.53155624e+01,7.66242977e+02
1073,169.08,3042.93,12.3547,3,1.90304,1.60042589e+04,1.50165403e-09,-3.74007214e-09,-7.98301318e+00,-2.20624527e+01,1.23227506e-08,-4.39586714e+01,-6.97578041e+00,-1.27772593e+01,6.29297900e+01,-3.01893636e+00,7.75183028e+00,-3.02619285e+01,1.62196638e+01,7.99823828e+02
438,730.821,1172.23,12.3563,3,1.90709,1.59950111e+04,6.39934787e-09,-1.16765990e-08,6.58045396e+01,-3.76285376e+01,5.07098968e-08,-2.75871823e+01,6.21850681e-01,-2.81875083e+01,5.96683850e+01,4.92046818e+00,1.68952659e+01,3.23560924e+00,-4.27786678e+01,7.44111102e+02
1053,1134.25,2993.56,12.3747,3,1.90807,1.56787629e+04,1.06523259e-08,-8.41344580e-09,-6.00427712e+01,9.05709662e+00,4.29772653e-08,1.64845229e+01,-3.17439421e+00,-4.72708141e+00,3.82649992e+01,5.62784778e+00,4.45926210e+01,2.92784079e+01,2.60552872e+01,8.15791999e+02
1077,1350.27,3050.53,12.4409,3,1.91498,1.45060948e+04,1.21010533e-08,-1.30986745e-08,-4.12528383e+01,3.87843413e+01,5.47213221e-08,-2.85487067e+01,-8.77381466e+01,-2.18632875e+01,2.67833934e+01,1.84143972e+01,2.24817996e+00,6.33002731e+01,-2.16931545e+01,8.37453900e+02
1184,119.115,3663.17,12.4868,3,1.90749,1.41493508e+04,2.49913601e-09,-9.01015941e-10,-5.85221394e+01,-2.25812594e+01,9.40310079e-09,1.95354221e+01,8.37799450e+00,-6.13163360e+01,1.72771117e+01,1.69909013e+00,-2.74506111e+00,2.71972111e+01,6.77627675e+01,7.03740163e+02
869,1165.29,2450.16,12.528,3,1.91415,1.35578168e+04,2.67549410e-08,-1.27838636e-08,7.75291224e+00,8.26605985e+00,9.41226716e-08,4.11434103e+01,-8.12557168e+00,2.07979077e+01,3.55678067e+01,5.76514426e+00,5.27119916e+00,-3.34476183e+01,-1.82359386e+01,6.66849954e+02
1344,386.802,3242.67,12.5355,3,1.90803,1.35150633e+04,1.22819166e-09,9.60448252e-10,4.68796974e+01,5.07721481e-02,4.95954297e-09,-2.23722682e+01,4.41205153e+01,-2.63689471e+01,1.42129590e+01,2.20595619e+01,-1.82257280e+01,-1.60096349e+01,4.51953806e+01,7.01219364e+02
1104,432.765,3096.41,12.6174,3,1.91183,1.24931826e+04,2.26580471e-09,-1.81021592e-09,5.79250702e+00,-5.50628018e+01,1.24497762e-08,-4.40458992e+01,-4.28373036e+01,6.30314052e+01,5.80316149e+01,1.32376807e+01,2.20912767e+01,1.63939246e+01,3.98610972e+01,6.07180840e+02
133,623.732,377.778,12.6376,3,1.90618,1.23077880e+04,7.90511732e-11,-1.01433358e-10,2.46480250e+01,-3.12726991e+01,1.04468093e-09,-2.09399883e+01,-1.59112074e+01,2.92505643e+01,2.55271007e+01,-2.91690861e+01,4.38062586e+01,-2.42862729e+00,2.99486882e+01,6.29822090e+02
77,1008.16,214.688,12.6394,3,1.91598,1.22819374e+04,4.55974749e-09,-4.45579581e-09,-2.58901909e+01,1.01602442e+01,2.23257163e-08,3.13870828e+01,5.35673475e+01,3.30723712e+01,4.34839764e+01,2.17895095e+01,-4.81846086e+01,-3.52455079e+01,-4.07566808e+00,5.80043815e+02
1309,155.211,3284.26,12.6475,3,1.90663,1.23069607e+04,5.52065031e-09,-6.88812256e-09,-7.18619910e+00,-5.74901381e+01,4.07092233e-08,-4.32321183e+00,-2.31064076e+01,-6.75899665e+01,1.78175639e+01,6.96619103e+00,1.83478835e+01,-1.14025002e+01,5.37570741e+01,5.17920726e+02
625,311.03,1721.64,12.6838,3,1.90761,1.18840085e+04,1.38778523e-10,-2.06558902e-10,-4.97809883e+01,-3.18676641e+01,1.55740190e-09,2.99116522e+01,-1.32606053e+01,-2.31414325e+01,8.07772312e+01,8.43449029e+00,3.59506682e+01,4.87022558e+01,7.76681416e+01,5.92526071e+02
1060,1019.98,3016.86,12.9524,3,1.90853,9.28843542e+03,-1.51707664e-11,-1.31520435e-10,6.36287407e+00,-2.89240986e+01,1.55362884e-09,7.93496870e+00,-7.23327581e+00,-1.37399410e+01,-1.45854044e+01,2.41616847e+01,-1.10668977e+01,-3.31093563e+01,-5.47653364e+00,4.62855342e+02
968,1924.83,2763.9,13.4256,3,1.91156,5.97004537e+03,2.17265291e-08,4.01673249e-09,-1.38192219e+01,2.87046381e+00,9.14097997e-08,2.64447839e+01,6.36678559e+00,-2.07725020e+01,2.32567698e+01,4.16521523e+01,2.16033289e+01,4.97873502e+01,8.17226247e+00,3.08558048e+02
731,700.209,2055.84,13.6742,3,1.90843,4.79244559e+03,3.82364137e-09,-6.08298964e-09,2.62311976e+00,2.86826712e+01,1.35658338e-08,1.33197626e+01,7.81707458e+00,2.61749183e+01,-3.04690494e+01,3.63056635e+01,4.39901218e+01,-4.08020175e+01,1.31806082e+01,2.35240904e+02
846,1016.86,2380.37,13.6999,3,1.91149,4.71616041e+03,2.06463043e-09,-6.84965237e-10,2.13893682e+01,9.74487381e+00,1.47505692e-08,-4.95005772e+00,4.57276891e+01,1.16167991e+01,1.43696834e+01,1.51466661e+01,-2.01867946e+01,-2.03578857e+01,1.78179513e+01,1.81193295e+02
1214,1463.97,3909.64,13.7506,3,1.91163,4.38677489e+03,-4.39661091e-11,-1.19433726e-08,3.92813051e+00,5.74952221e+01,3.99116640e-08,-3.10695124e+01,-2.64521456e+01,-4.30495693e+01,3.73999508e+01,-9.65818469e+00,-4.75371084e+01,3.15349252e-02,-5.73259199e-01,2.91756130e+02
886,825.323,2518.13,13.8181,3,1.91269,4.27179005e+03,-8.70718473e-12,-1.55221840e-08,3.01366117e+01,-1.92824790e+00,2.44585604e-08,8.19231848e-01,-1.76993185e+01,1.24770713e+01,8.89939355e+00,2.10139172e+00,-1.18627731e+01,-5.86550204e+01,-2.63038345e+01,1.52292577e+02
729,56.4158,2050.5,13.8516,3,1.904,4.09572072e+03,2.11197599e-10,-1.39568397e-09,7.44160550e+01,9.56600107e+00,1.87751697e-09,1.33742768e+00,-4.17417109e+01,4.71932439e+01,-4.21931308e+01,-5.27326061e+00,-1.82725202e+01,1.18413946e+00,2.57420978e+01,1.87727910e+02
661,1262.82,1843.32,11.312,3,1.92033,4.14506523e+04,3.11505155e-09,-1.78274069e-08,3.29352676e+02,-5.06484249e+01,5.12292350e-08,1.79338503e+02,-4.85453457e+01,2.34849030e+02,3.24242525e+01,2.76456447e+01,3.74833374e+01,4.49472517e+01,-1.88114811e+01,2.07802156e+03
790,371.608,2213.61,11.4838,3,1.91619,3.53536319e+04,8.89820412e-09,-7.03043063e-09,-4.52084389e+00,-2.51986038e+01,4.28665279e-08,-1.92895001e+00,-2.45130701e+01,-2.22119611e+01,6.65328786e+01,-1.48781182e+01,2.01654037e+01,3.42648776e+01,1.11493660e+01,1.72133484e+03
713,22.0562,2014.15,11.5577,3,1.91968,3.25764662e+04,-2.70391492e-09,-8.17886315e-09,1.40570136e+02,-1.68775369e+02,6.98721328e-08,-2.50758710e+02,7.52687130e+00,-4.33506016e+02,-2.88766885e+01,1.77620676e+02,-3.88084137e+01,3.97498055e+02,2.27060486e+01,2.07012477e+03
678,272.404,1888.23,11.5649,3,1.91656,3.30964417e+04,2.40659097e-10,-1.64238402e-09,1.31179412e+02,-1.50015151e+01,1.02975487e-08,1.05431627e+02,-9.14007559e+00,1.71674819e+00,7.41459307e+01,-5.39792480e+01,-1.02327048e+01,-5.86118134e+01,5.80275074e+01,1.41538206e+03
496,1217.07,1342.84,12.1751,3,1.91741,1.84459349e+04,3.91521937e-08,-1.76674186e-08,1.00265949e+02,-1.11906374e+01,8.59804297e-08,1.51383739e+02,-1.67358271e+01,1.98830394e+02,-2.17501491e+01,9.22385090e+01,-4.07605008e+01,2.29411338e+02,1.32780704e-01,1.21844847e+03
792,391.615,2216.64,12.2229,3,1.91437,1.80266705e+04,6.24914216e-09,-8.58509064e-09,4.89447797e+01,-5.31426263e+01,3.66955062e-08,-2.13031254e+01,-1.76463801e+01,-4.73738835e+01,1.75948638e+01,2.77477486e+01,-2.83605567e+01,-3.08199175e+01,-1.68347743e+01,9.23782768e+02
1379,200.025,3117.57,12.2581,3,1.92238,1.72501665e+04,2.94250509e-09,-4.57678200e-09,-3.54143330e+01,1.64240714e+01,1.99406663e-08,-5.10294314e+01,-1.19713790e+01,-5.16933802e+01,1.17534312e+01,-4.08418376e+01,-3.90440513e+00,-5.81237121e+00,4.25560943e+01,8.61952687e+02
860,1226.03,2415.83,12.5941,3,1.9215,1.26347830e+04,-1.17814435e-11,-3.16696513e-12,7.32774859e+01,-3.49221288e+01,1.53095507e-10,-9.35833362e+01,-1.14054304e+01,-1.40944240e+02,3.74867170e+01,4.87220860e+01,-6.07509348e+01,1.26822924e+02,4.18160311e+01,7.85755132e+02
159,1160.01,449.518,12.6646,3,1.92087,1.18701365e+04,-2.19642743e-11,1.40412780e-11,-3.81208732e+01,4.92468693e+01,1.97893209e-10,-2.59711181e+01,2.34370999e+01,3.25835180e+01,5.29637452e+01,-3.39283149e+01,2.86743244e+01,-4.74389184e+01,-3.42362260e+01,6.60604885e+02
1010,773.563,2860.56,13.3378,3,1.92037,6.48715325e+03,1.98748477e-09,-5.67514565e-09,-7.88519308e+00,-1.00510196e+01,1.66448280e-08,-2.62178537e+01,-7.68451954e+00,-2.40075362e+01,-7.17227707e+00,-2.71741071e+01,-1.94385793e+01,-6.38891541e+00,1.86922418e+01,3.03097085e+02
1157,569.463,3722.24,13.79,3,1.92201,4.32536839e+03,2.57120281e-11,2.00189146e-11,-9.20761394e+00,6.86241999e+01,3.12820492e-09,7.18221950e+00,2.29891973e+01,3.27214914e+01,1.84641247e+01,-8.16647579e-01,1.09641535e+01,3.29603856e+01,-1.79834904e-02,1.86803288e+02
576,1183.69,1596.11,13.8368,3,1.92048,4.17972949e+03,1.47643842e-09,6.70405548e-10,-6.49059736e+01,-3.46373033e+00,4.92565924e-10,-1.71829540e+01,2.84065052e+01,-1.37145111e+01,-2.37859514e+01,-2.02702416e+01,-8.06761877e+00,1.28018981e+01,-2.01566450e+01,1.59106403e+02
242,1248.54,661.539,13.9614,3,1.92127,3.62808447e+03,1.79369792e-08,-1.83311913e-08,-1.22510780e+01,2.08317955e+01,1.05907664e-07,3.32785622e+01,-5.02230860e+01,2.64598023e+00,2.24454354e+01,7.82269296e+00,6.47700046e+00,1.27001231e+01,1.00613563e+01,2.01009350e+02
381,77.4218,994.083,13.9668,3,1.9227,3.67219588e+03,-5.56962030e-12,3.61474211e-12,7.65350631e+00,2.44925256e+01,2.28934931e-10,-8.33098623e+00,-7.87723681e+00,-4.37082105e+00,4.85060360e+01,-2.22015059e+01,-1.47939121e+00,-1.28267465e+00,3.25118498e+01,1.91186404e+02
79,1825.31,235.979,11.905,3,1.93912,2.30635343e+04,5.28604535e-08,-4.32558457e-08,-6.87662431e+01,-7.60016725e+01,1.78239508e-07,-2.49507644e+01,-1.59741858e+01,1.19744461e+01,-1.03003896e+02,1.84019888e+01,4.47323032e+01,4.83225251e+01,-2.61792554e+01,1.42845277e+03
3,1565.82,31.3998,12.1719,3,1.93304,1.64889443e+04,9.72972566e-09,-6.42663225e-08,-6.67828796e+01,-1.09543050e+02,2.61631866e-07,8.10125563e+00,2.04473031e+01,-1.13926733e+02,6.63775829e+00,4.00290472e+01,3.81953149e+01,-1.64828014e+02,-7.90489354e+01,1.19240492e+03
557,120.842,1522.98,13.1411,3,1.92383,7.67295133e+03,7.74778383e-10,1.72180460e-10,-9.16045991e+00,-5.55255717e+01,3.09848115e-09,-1.15405494e+00,-4.71069969e+01,-4.59635712e+01,-2.60459151e+01,-7.74883959e+00,1.36973477e+00,5.83105404e+01,-2.51306357e+01,4.16885657e+02
880,1117.98,2495.55,13.6134,3,1.93404,4.97679995e+03,1.36111751e-08,-1.29112472e-08,-6.21573445e+00,1.35373065e+01,3.74718314e-08,-2.03467332e+01,1.30817801e+01,1.32883373e+01,-9.70671903e+00,-7.85332194e+00,2.60455365e+01,2.74801372e+01,6.86096671e+00,2.66645889e+02
483,1527.78,1289.6,13.8649,3,1.94497,3.74857233e+03,3.28256345e-12,-2.57246045e-12,1.24621317e+01,-1.56805706e+01,8.42302744e-13,2.58389526e+00,-1.27378421e+01,-7.81058196e+00,4.39711435e+00,1.36315454e+01,1.72134079e+01,6.93111827e+00,-3.52413688e+01,2.06016159e+02
119,1003.39,333.567,13.9482,3,1.94388,3.70566885e+03,-1.09289617e-08,-2.76712244e-08,-4.95594301e+01,-2.65756852e+01,1.11567453e-07,1.70641349e+01,-8.42118903e-01,9.59770199e+00,-5.54389719e+00,-2.84563932e+01,-8.65751404e+00,2.45942950e+01,-2.36589770e+00,1.66469529e+02
228,865.152,616.081,13.9731,3,1.9412,3.59129392e+03,2.92175687e-09,-3.59164523e-09,-2.91614479e+01,1.92394835e+01,-1.03837189e-09,8.54032053e+00,2.52286308e+01,-1.17266765e+01,-4.37604624e+01,6.76639659e+01,-6.09183981e+00,9.66351002e-01,-2.12647736e+00,2.05640114e+02
